Name,Link_Name,Price,Link_image
"Квартиры посуточно суточные квартиры, Бишкек посуточно, посуточные",https://lalafo.kg/bishkek/ads/kvartiry-posutocno-sutocnye-kvartiry-biskek-posutocno-posutocnye-id-94993548,Договорная,https://img5.lalafo.com/i/posters/api/cf/63/22/25a86f1345507249009a0396fa.jpeg
Гостиница посуточна люкс квартира посуточно суточно почасовой 1,https://lalafo.kg/bishkek/ads/gostinica-posutocna-luks-kvartira-posutocno-sutocno-pocasovoj-1-id-89387428,1 700 KGS,https://img5.lalafo.com/i/posters/api/d4/cc/45/1-bedroom-89387428_image-1658464538.jpeg
Суточные квартиры#посуточные квартиры# квартиры,https://lalafo.kg/bishkek/ads/sutocnye-kvartiryposutocnye-kvartiry-kvartiry-id-95009601,Договорная,https://img5.lalafo.com/i/posters/api/c9/8b/52/0fbed24075750fa221b295df36.jpeg
"2 комнаты, Душевая кабина, Постельное белье, Кондиционер",https://lalafo.kg/bishkek/ads/2-komnaty-dusevaa-kabina-postelnoe-bele-kondicioner-id-98852856,Договорная,https://img5.lalafo.com/i/posters/api/10/89/01/330e7c09c48e2e991a14d49f91.jpeg
Суточно день ночь сутка Квартира суточно квартира ночь Суточная,https://lalafo.kg/bishkek/ads/sutocno-den-noc-sutka-kvartira-sutocno-kvartira-noc-sutocnaa-id-84139782,1 300 KGS,https://img5.lalafo.com/i/posters/api/30/6f/59/b21c049ae5a35fd6cbfb527fb8.jpeg
Гостиница гостиница гостиница гостиница гостиница гостиница гостиница ,https://lalafo.kg/bishkek/ads/gostinica-gostinica-gostinica-gostinica-gostinica-gostinica-gostinica-id-102190526,1 200 KGS,https://img5.lalafo.com/i/posters/api/7d/ec/92/1c226c7f31b5999f1ff0303038.jpeg
"1 комната, Бытовая техника",https://lalafo.kg/tokmak/ads/1-komnata-bytovaa-tehnika-id-74755084,1 500 KGS,https://img5.lalafo.com/i/posters/api/89/6a/00/96a04e5e7682e502441bc24f8e.jpeg
1 комнатная квартира на сутки. Посуточно квартира на сутки бишкек,https://lalafo.kg/bishkek/ads/1-komnatnaa-kvartira-na-sutki-posutocno-kvartira-na-sutki-biskek-id-50264905,2 500 KGS,https://img5.lalafo.com/i/posters/api/83/ba/bf/2925e703f78f2087646a1eddb7.jpeg
"Сдаю квартиру по суточно, часавой, день, ночь.Чисто уютно без запаха",https://lalafo.kg/bishkek/ads/sdau-kvartiru-po-sutocno-casavoj-den-noccisto-uutno-bez-zapaha-id-72627954,1 200 KGS,https://img5.lalafo.com/i/posters/api/53/34/14/1-bedroom-72627954_image-1657508310.jpeg
"Сдается 3 -х квартира посуточно, день, ночь",https://lalafo.kg/bishkek/ads/sdaetsa-3-h-kvartira-posutocno-den-noc-id-98664186,2 500 KGS,https://img5.lalafo.com/i/posters/api/ad/53/f9/sdaetsya-kvartira-posutochno-den-noch-98664186_image-1649259206252.jpeg
"1 комната, Бытовая техника",https://lalafo.kg/tokmak/ads/1-komnata-bytovaa-tehnika-id-68220123,1 500 KGS,https://img5.lalafo.com/i/posters/api/a3/30/4c/kvartira-posutochno-gorod-tokmak-v-68220123_image-1630585936059.jpeg
"Суточные квартиры в Г Каракол час,ночь сутка.У нас чисто уютно",https://lalafo.kg/karakol/ads/sutocnye-kvartiry-v-g-karakol-casnoc-sutkau-nas-cisto-uutno-id-68642063,Договорная,https://img5.lalafo.com/i/posters/api/52/5a/10/e30657925ba20f560ba573729e.jpeg
"Сдаётся посуточно, посуточнооднокомнатная квартира. Район политеха",https://lalafo.kg/bishkek/ads/sdaetsa-posutocno-posutocnoodnokomnatnaa-kvartira-rajon-politeha-id-62061803,1 300 KGS,https://img5.lalafo.com/i/posters/api/8a/3b/e9/685c46930b5e39aaf81383bfc2.jpeg
"1 комната, Бытовая техника",https://lalafo.kg/osh/ads/1-komnata-bytovaa-tehnika-id-63663435,1 500 KGS,https://img5.lalafo.com/i/posters/api/e3/96/00/1-i-2-komnatnye-kvartiry-v-tsentre-63663435_image-1622698065765.jpeg
"1 комната, Душевая кабина, Постельное белье, Телевизор",https://lalafo.kg/osh/ads/1-komnata-dusevaa-kabina-postelnoe-bele-televizor-id-97178091,1 500 KGS,https://img5.lalafo.com/i/posters/api/88/a6/3a/14c7b400c531eb8362cb6f2586.jpeg
"Квартира, суточная квартира бишкек, суточная квартира, квартира",https://lalafo.kg/bishkek/ads/kvartira-sutocnaa-kvartira-biskek-sutocnaa-kvartira-kvartira-id-58790785,1 300 KGS,https://img5.lalafo.com/i/posters/api/72/0c/2387797b369d1912d6a871191b1e.jpeg
"2 комнаты, Душевая кабина, Постельное белье, Бытовая техника",https://lalafo.kg/osh/ads/2-komnaty-dusevaa-kabina-postelnoe-bele-bytovaa-tehnika-id-102271368,2 000 KGS,https://img5.lalafo.com/i/posters/api/2c/87/d2/ba1524f6312a617eb919885838.jpeg
"2 комнаты, Постельное белье, Бытовая техника, Интернет, Wi-Fi",https://lalafo.kg/karakol/ads/2-komnaty-postelnoe-bele-bytovaa-tehnika-internet-wi-fi-id-84361024,2 000 KGS,https://img5.lalafo.com/i/posters/api/2f/50/e5/ff2a1f098802e2108313f24c51.jpeg
"1 комната, Душевая кабина, Постельное белье, Парковка",https://lalafo.kg/osh/ads/1-komnata-dusevaa-kabina-postelnoe-bele-parkovka-id-93311121,2 000 KGS,https://img5.lalafo.com/i/posters/api/90/8d/58/1-komnata-dushevaya-kabina-postelnoe-bele-parkovka-93311121_image-1644412701937.jpeg
"Почасовая и суточная квартира в микрорайоне Аламедин-1, можно снять на",https://lalafo.kg/bishkek/ads/pocasovaa-i-sutocnaa-kvartira-v-mikrorajone-alamedin-1-mozno-snat-na-id-99306259,1 500 KGS,https://img5.lalafo.com/i/posters/api/a4/68/40/b4576893b9cd64c14ee01f77b3.jpeg
"20 м², С мебелью, Без мебели",https://lalafo.kg/bishkek/ads/20-m-s-mebelu-bez-mebeli-id-45171375,700 KGS,https://img5.lalafo.com/i/posters/api/2d/3f/155617b080c60ed7f0ab0842b58b.jpeg
"2 комнаты, Душевая кабина, Постельное белье, Парковка",https://lalafo.kg/osh/ads/2-komnaty-dusevaa-kabina-postelnoe-bele-parkovka-id-94645961,600 KGS,https://img5.lalafo.com/i/posters/api/1d/c9/d5/2-bedroom-appliances-94645961_image-1656967330.jpeg
"20 м², С мебелью",https://lalafo.kg/bishkek/ads/20-m-s-mebelu-id-77749591,Договорная,https://img5.lalafo.com/i/posters/api/76/c1/58/587e278154eac9222e38ca288f.jpeg
"18 м², С мебелью, Без мебели",https://lalafo.kg/bishkek/ads/18-m-s-mebelu-bez-mebeli-id-43638913,600 KGS,https://img5.lalafo.com/i/posters/api/de/03/76e48ce0bc81d54d66bed7714d7e.jpeg
"16 м², С мебелью",https://lalafo.kg/besh-kyungej/ads/16-m-s-mebelu-id-72387433,600 KGS,https://img5.lalafo.com/i/posters/api/1d/d5/54/322f293731c66b03da13cc6284.jpeg
20 м²,https://lalafo.kg/koj-tash/ads/20-m-id-77749866,500 KGS,https://img5.lalafo.com/i/posters/api/02/0b/33/e0e30663d4fdbead11b3ecaee0.jpeg
"14 м², С мебелью",https://lalafo.kg/bishkek/ads/14-m-s-mebelu-id-73568600,600 KGS,https://img5.lalafo.com/i/posters/api/76/6f/28/8a2dfe06a892731ee055ac007b.jpeg
Хостел Готиница Квартира Мейманкана   Дорогие гости Оша! Добро,https://lalafo.kg/osh/ads/-id-51839629,500 KGS,https://img5.lalafo.com/i/posters/api/59/11/43/6-komnat-i-bolee-dushevaya-kabina-postelnoe-bele-bytovaya-tekhnika-51839629_image-1654361881.jpeg
"1 комната, Душевая кабина, Постельное белье, Кондиционер",https://lalafo.kg/bishkek/ads/1-komnata-dusevaa-kabina-postelnoe-bele-kondicioner-id-102080208,499 KGS,https://img5.lalafo.com/i/posters/api/51/db/19/466495d64adfdf1aa416dd8a29.jpeg
"1 комната, Круглосуточное заселение",https://lalafo.kg/osh/ads/1-komnata-kruglosutocnoe-zaselenie-id-97222051,1 500 KGS,https://img5.lalafo.com/i/posters/api/5b/73/9b/117d1fc4f7f6f12e73a0d63458.jpeg
"2 комнаты, Кондиционер, Круглосуточное заселение",https://lalafo.kg/bishkek/ads/2-komnaty-kondicioner-kruglosutocnoe-zaselenie-id-62704209,1 500 KGS,https://img5.lalafo.com/i/posters/api/36/ca/26/posutochno-1-2-3-komnatnye-kvartiry-v-62704209_image-1643971480490.jpeg
С мебелью,https://lalafo.kg/bishkek/ads/s-mebelu-id-67550559,1 000 KGS,https://img5.lalafo.com/i/posters/api/db/fa/0c/cda377ec617e542bde4253327b.jpeg
"16 м², С мебелью",https://lalafo.kg/bishkek/ads/16-m-s-mebelu-id-86614016,Договорная,https://img5.lalafo.com/i/posters/api/c0/bb/e4/a9cae5f390047f497b0b1f8501.jpeg
"200 м², С мебелью",https://lalafo.kg/osh/ads/200-m-s-mebelu-id-69245145,1 300 KGS,https://img5.lalafo.com/i/posters/api/f5/ee/ff/200-sq-m-with-furniture-69245145_image-1635168907336.jpeg
"1 комната, Кондиционер, Парковка, Интернет, Wi-Fi",https://lalafo.kg/arashan/ads/1-komnata-kondicioner-parkovka-internet-wi-fi-id-83445535,600 KGS,https://img5.lalafo.com/i/posters/api/fe/de/08/b345cf8d62b28716f8a00cfb84.jpeg
"22 м², С мебелью",https://lalafo.kg/bishkek/ads/22-m-s-mebelu-id-88807093,400 KGS,https://img5.lalafo.com/i/posters/api/25/cf/46/6210a9ae33417192409ea29527.jpeg
"2 комнаты, Постельное белье, Кондиционер, Парковка",https://lalafo.kg/bishkek/ads/2-komnaty-postelnoe-bele-kondicioner-parkovka-id-101932655,1 200 KGS,https://img5.lalafo.com/i/posters/api/67/e6/04/9c3915f5a5d23a40aba707260c.jpeg
"1 комната, Интернет, Wi-Fi, Телевизор, Банные принадлежности",https://lalafo.kg/bishkek/ads/1-komnata-internet-wi-fi-televizor-bannye-prinadleznosti-id-94962637,1 000 KGS,https://img5.lalafo.com/i/posters/api/92/f3/7a/332f7ffb38e5da0430e654f3be.jpeg
Суточные квартиры#посуточные квартиры# квартиры,https://lalafo.kg/bishkek/ads/sutocnye-kvartiryposutocnye-kvartiry-kvartiry-id-95009601,1 000 KGS,https://img5.lalafo.com/i/posters/api/c9/8b/52/0fbed24075750fa221b295df36.jpeg
"Суточные квартиры посуточные квартиры, квартиры посуточно суточно",https://lalafo.kg/bishkek/ads/sutocnye-kvartiry-posutocnye-kvartiry-kvartiry-posutocno-sutocno-id-94992696,Договорная,https://img5.lalafo.com/i/posters/api/12/c4/e6/abe7890c99955856b71af808f3.jpeg
Гостиница Бишкек по Суточный квартира разный район Гостиница Посуточно,https://lalafo.kg/bishkek/ads/gostinica-biskek-po-sutocnyj-kvartira-raznyj-rajon-gostinica-posutocno-id-92577435,Договорная,https://img5.lalafo.com/i/posters/api/5e/bc/b9/913a29450cd89cbfbbec80e451.jpeg
"Квартиры посуточно суточные квартиры, Бишкек посуточно, посуточные",https://lalafo.kg/bishkek/ads/kvartiry-posutocno-sutocnye-kvartiry-biskek-posutocno-posutocnye-id-94993548,Договорная,https://img5.lalafo.com/i/posters/api/cf/63/22/25a86f1345507249009a0396fa.jpeg
"1 комната, Душевая кабина, Постельное белье, Кондиционер",https://lalafo.kg/bishkek/ads/1-komnata-dusevaa-kabina-postelnoe-bele-kondicioner-id-97721754,3 000 KGS,https://img5.lalafo.com/i/posters/api/56/ad/f1/1-bedroom-24-hour-check-in-97721754_image-1656956155.jpeg
"2 комнаты, Постельное белье, Кондиционер, Парковка",https://lalafo.kg/bishkek/ads/2-komnaty-postelnoe-bele-kondicioner-parkovka-id-97080089,Договорная,https://img5.lalafo.com/i/posters/api/46/a4/a0/3-bedroom-shower-cabin-linens-air-conditioning-97080089_image-1642503664611.jpeg
